{"https://www.youtube.com/watch?v=B7M1vhZ2C6c": {"SAQUE : Erro de saque 1": [296.6, 301.7]}, "https://www.youtube.com/watch?v=waD4JJ1_pBQ": {"FOREHAND : Forehand 1": [2232.5, 2234.9], "SAQUE : Saque 1": [3322.2, 3326.2]}, "https://www.youtube.com/watch?v=6yoK7kCSRb8": {"FOREHAND : dasd": [1375.1, 1382.4]}, "https://www.youtube.com/watch?v=LuQUnj8nztg": {"PONTO : Rally 1 - Segundo set": [3999.6, 4049.9]}, "https://www.youtube.com/watch?v=MxqECYnJK6I": {"PONTO : Ataque angulado": [2452.9, 2461.0], "PONTO : ERRO: Ataque angulado 2": [2497.9, 2506.7], "PONTO : Erro slice curta Val": [2518.0, 2530.9], "FOREHAND : teste": [1633.3, 1635.4], "BACKHAND : 1": [1588.3, 1592.6]}}