,regiao,estado,municipio,coduf,codmun,codRegiaoSaude,nomeRegiaoSaude,data,semanaEpi,populacaoTCU2019,casosAcumulado,casosNovos,obitosAcumulado,obitosNovos,Recuperadosnovos,emAcompanhamentoNovos,interior/metropolitana
0,Brasil,,,76,,,,2020-02-25,9,210147125.0,0,0,0,0,,,
1,Brasil,,,76,,,,2020-02-26,9,210147125.0,1,1,0,0,,,
2,Brasil,,,76,,,,2020-02-27,9,210147125.0,1,0,0,0,,,
3,Brasil,,,76,,,,2020-02-28,9,210147125.0,1,0,0,0,,,
4,Brasil,,,76,,,,2020-02-29,9,210147125.0,2,1,0,0,,,
5,Brasil,,,76,,,,2020-03-01,10,210147125.0,2,0,0,0,,,
6,Brasil,,,76,,,,2020-03-02,10,210147125.0,2,0,0,0,,,
7,Brasil,,,76,,,,2020-03-03,10,210147125.0,2,0,0,0,,,
8,Brasil,,,76,,,,2020-03-04,10,210147125.0,3,1,0,0,,,
9,Brasil,,,76,,,,2020-03-05,10,210147125.0,7,4,0,0,,,
10,Brasil,,,76,,,,2020-03-06,10,210147125.0,13,6,0,0,,,
11,Brasil,,,76,,,,2020-03-07,10,210147125.0,19,6,0,0,,,
12,Brasil,,,76,,,,2020-03-08,11,210147125.0,25,6,0,0,,,
13,Brasil,,,76,,,,2020-03-09,11,210147125.0,25,0,0,0,,,
14,Brasil,,,76,,,,2020-03-10,11,210147125.0,34,9,0,0,,,
15,Brasil,,,76,,,,2020-03-11,11,210147125.0,52,18,0,0,,,
16,Brasil,,,76,,,,2020-03-12,11,210147125.0,77,25,0,0,,,
17,Brasil,,,76,,,,2020-03-13,11,210147125.0,98,21,0,0,,,
18,Brasil,,,76,,,,2020-03-14,11,210147125.0,121,23,0,0,,,
19,Brasil,,,76,,,,2020-03-15,12,210147125.0,200,79,0,0,,,
20,Brasil,,,76,,,,2020-03-16,12,210147125.0,234,34,0,0,,,
21,Brasil,,,76,,,,2020-03-17,12,210147125.0,291,57,1,1,,,
22,Brasil,,,76,,,,2020-03-18,12,210147125.0,428,137,4,3,,,
23,Brasil,,,76,,,,2020-03-19,12,210147125.0,621,193,6,2,,,
24,Brasil,,,76,,,,2020-03-20,12,210147125.0,904,283,11,5,,,
25,Brasil,,,76,,,,2020-03-21,12,210147125.0,1128,224,18,7,,,
26,Brasil,,,76,,,,2020-03-22,13,210147125.0,1546,418,25,7,,,
27,Brasil,,,76,,,,2020-03-23,13,210147125.0,1891,345,34,9,,,
28,Brasil,,,76,,,,2020-03-24,13,210147125.0,2201,310,46,12,,,
29,Brasil,,,76,,,,2020-03-25,13,210147125.0,2433,232,57,11,,,
30,Brasil,,,76,,,,2020-03-26,13,210147125.0,2915,482,77,20,,,
31,Brasil,,,76,,,,2020-03-27,13,210147125.0,3417,502,92,15,,,
32,Brasil,,,76,,,,2020-03-28,13,210147125.0,3903,486,114,22,,,
33,Brasil,,,76,,,,2020-03-29,14,210147125.0,4256,353,136,22,,,
34,Brasil,,,76,,,,2020-03-30,14,210147125.0,4579,323,159,23,,,
35,Brasil,,,76,,,,2020-03-31,14,210147125.0,5717,1138,201,42,,,
36,Brasil,,,76,,,,2020-04-01,14,210147125.0,6834,1117,241,40,,,
37,Brasil,,,76,,,,2020-04-02,14,210147125.0,7910,1076,299,58,,,
38,Brasil,,,76,,,,2020-04-03,14,210147125.0,9056,1146,359,60,,,
39,Brasil,,,76,,,,2020-04-04,14,210147125.0,10278,1222,432,73,,,
40,Brasil,,,76,,,,2020-04-05,15,210147125.0,11130,852,486,54,,,
41,Brasil,,,76,,,,2020-04-06,15,210147125.0,12056,926,553,67,,,
42,Brasil,,,76,,,,2020-04-07,15,210147125.0,13717,1661,667,114,,,
43,Brasil,,,76,,,,2020-04-08,15,210147125.0,15927,2210,800,133,,,
44,Brasil,,,76,,,,2020-04-09,15,210147125.0,17857,1930,941,141,,,
45,Brasil,,,76,,,,2020-04-10,15,210147125.0,19638,1781,1056,115,,,
46,Brasil,,,76,,,,2020-04-11,15,210147125.0,20727,1089,1124,68,,,
47,Brasil,,,76,,,,2020-04-12,16,210147125.0,22169,1442,1223,99,,,
48,Brasil,,,76,,,,2020-04-13,16,210147125.0,23430,1261,1328,105,,,
49,Brasil,,,76,,,,2020-04-14,16,210147125.0,25262,1832,1532,204,,,
50,Brasil,,,76,,,,2020-04-15,16,210147125.0,28320,3058,1736,204,,,
51,Brasil,,,76,,,,2020-04-16,16,210147125.0,30425,2105,1924,188,,,
52,Brasil,,,76,,,,2020-04-17,16,210147125.0,33682,3257,2141,217,,,
53,Brasil,,,76,,,,2020-04-18,16,210147125.0,36599,2917,2347,206,,,
54,Brasil,,,76,,,,2020-04-19,17,210147125.0,38654,2055,2462,115,22130.0,14062.0,
55,Brasil,,,76,,,,2020-04-20,17,210147125.0,40581,1927,2575,113,22991.0,15015.0,
56,Brasil,,,76,,,,2020-04-21,17,210147125.0,43079,2498,2741,166,24325.0,16013.0,
57,Brasil,,,76,,,,2020-04-22,17,210147125.0,45757,2678,2906,165,25318.0,17533.0,
58,Brasil,,,76,,,,2020-04-23,17,210147125.0,49492,3735,3313,407,26573.0,19606.0,
59,Brasil,,,76,,,,2020-04-24,17,210147125.0,52995,3503,3670,357,27655.0,21670.0,
60,Brasil,,,76,,,,2020-04-25,17,210147125.0,58509,5514,4016,346,29160.0,25333.0,
61,Brasil,,,76,,,,2020-04-26,18,210147125.0,61888,3379,4205,189,30152.0,27531.0,
62,Brasil,,,76,,,,2020-04-27,18,210147125.0,66501,4613,4543,338,31142.0,30816.0,
63,Brasil,,,76,,,,2020-04-28,18,210147125.0,71886,5385,5017,474,32544.0,34325.0,
64,Brasil,,,76,,,,2020-04-29,18,210147125.0,78162,6276,5466,449,34132.0,38564.0,
65,Brasil,,,76,,,,2020-04-30,18,210147125.0,85380,7218,5901,435,35935.0,43544.0,
66,Brasil,,,76,,,,2020-05-01,18,210147125.0,91299,5919,6329,428,38039.0,47221.0,
67,Brasil,,,76,,,,2020-05-02,18,210147125.0,96396,5097,6724,395,40937.0,48872.0,
68,Brasil,,,76,,,,2020-05-03,19,210147125.0,101147,4751,7025,301,42991.0,51131.0,
69,Brasil,,,76,,,,2020-05-04,19,210147125.0,107780,6633,7321,296,45186.0,55273.0,
70,Brasil,,,76,,,,2020-05-05,19,210147125.0,114715,6935,7921,600,48221.0,58573.0,
71,Brasil,,,76,,,,2020-05-06,19,210147125.0,125218,10503,8535,614,51370.0,65312.0,
72,Brasil,,,76,,,,2020-05-07,19,210147125.0,135106,9888,9146,611,55350.0,70610.0,
73,Brasil,,,76,,,,2020-05-08,19,210147125.0,145328,10222,9895,749,59297.0,76134.0,
74,Brasil,,,76,,,,2020-05-09,19,210147125.0,155939,10611,10627,732,61685.0,83627.0,
75,Brasil,,,76,,,,2020-05-10,20,210147125.0,162699,6760,11123,496,64957.0,86619.0,
76,Brasil,,,76,,,,2020-05-11,20,210147125.0,168331,5632,11519,396,67384.0,89429.0,
77,Brasil,,,76,,,,2020-05-12,20,210147125.0,177589,9258,12400,881,72597.0,92593.0,
78,Brasil,,,76,,,,2020-05-13,20,210147125.0,188974,11385,13149,749,78424.0,97402.0,
79,Brasil,,,76,,,,2020-05-14,20,210147125.0,202918,13944,13993,844,79479.0,109446.0,
80,Brasil,,,76,,,,2020-05-15,20,210147125.0,218223,15305,14817,824,84970.0,118436.0,
81,Brasil,,,76,,,,2020-05-16,20,210147125.0,233142,14919,15633,816,89672.0,127837.0,
82,Brasil,,,76,,,,2020-05-17,21,210147125.0,241080,7938,16118,485,94122.0,130840.0,
83,Brasil,,,76,,,,2020-05-18,21,210147125.0,254220,13140,16792,674,100459.0,136969.0,
84,Brasil,,,76,,,,2020-05-19,21,210147125.0,271628,17408,17971,1179,106794.0,146863.0,
85,Brasil,,,76,,,,2020-05-20,21,210147125.0,291579,19951,18859,888,116683.0,156037.0,
86,Brasil,,,76,,,,2020-05-21,21,210147125.0,310087,18508,20047,1188,125960.0,164080.0,
87,Brasil,,,76,,,,2020-05-22,21,210147125.0,330890,20803,21046,999,135430.0,174412.0,
88,Brasil,,,76,,,,2020-05-23,21,210147125.0,347398,16508,22013,967,142587.0,182798.0,
89,Brasil,,,76,,,,2020-05-24,22,210147125.0,363211,15813,22666,653,149911.0,190634.0,
90,Brasil,,,76,,,,2020-05-25,22,210147125.0,374898,11687,23473,807,153833.0,197592.0,
91,Brasil,,,76,,,,2020-05-26,22,210147125.0,391222,16324,24512,1039,158593.0,208117.0,
92,Brasil,,,76,,,,2020-05-27,22,210147125.0,411821,20599,25598,1086,166647.0,219576.0,
93,Brasil,,,76,,,,2020-05-28,22,210147125.0,438238,26417,26754,1156,177604.0,233880.0,
94,Brasil,,,76,,,,2020-05-29,22,210147125.0,465166,26928,27878,1124,189476.0,247812.0,
95,Brasil,,,76,,,,2020-05-30,22,210147125.0,498440,33274,28834,956,200892.0,268714.0,
96,Brasil,,,76,,,,2020-05-31,23,210147125.0,514200,15760,29314,480,206555.0,278331.0,
97,Brasil,,,76,,,,2020-06-01,23,210147125.0,526447,12247,29937,623,211080.0,285430.0,
98,Brasil,,,76,,,,2020-06-02,23,210147125.0,555383,28936,31199,1262,223638.0,300546.0,
99,Brasil,,,76,,,,2020-06-03,23,210147125.0,584016,28633,32548,1349,238617.0,312851.0,
100,Brasil,,,76,,,,2020-06-04,23,210147125.0,614941,30925,34021,1473,254963.0,325957.0,
101,Brasil,,,76,,,,2020-06-05,23,210147125.0,645771,30830,35026,1005,266940.0,343805.0,
102,Brasil,,,76,,,,2020-06-06,23,210147125.0,672846,27075,35930,904,277149.0,359767.0,
103,Brasil,,,76,,,,2020-06-07,24,210147125.0,691758,18912,36455,525,283952.0,371351.0,
104,Brasil,,,76,,,,2020-06-08,24,210147125.0,707412,15654,37134,679,290040.0,380238.0,
105,Brasil,,,76,,,,2020-06-09,24,210147125.0,739503,32091,38406,1272,311064.0,390033.0,
106,Brasil,,,76,,,,2020-06-10,24,210147125.0,772416,32913,39680,1274,325395.0,407341.0,
107,Brasil,,,76,,,,2020-06-11,24,210147125.0,802828,30412,40919,1239,345595.0,416314.0,
108,Brasil,,,76,,,,2020-06-12,24,210147125.0,828810,25982,41828,909,365063.0,421919.0,
109,Brasil,,,76,,,,2020-06-13,24,210147125.0,850514,21704,42720,892,379245.0,428549.0,
110,Brasil,,,76,,,,2020-06-14,25,210147125.0,867624,17110,43332,612,388492.0,435800.0,
111,Brasil,,,76,,,,2020-06-15,25,210147125.0,888271,20647,43959,627,412252.0,432060.0,
112,Brasil,,,76,,,,2020-06-16,25,210147125.0,923189,34918,45241,1282,441729.0,436219.0,
113,Brasil,,,76,,,,2020-06-17,25,210147125.0,955377,32188,46510,1269,463474.0,445393.0,
114,Brasil,,,76,,,,2020-06-18,25,210147125.0,978142,22765,47748,1238,482102.0,448292.0,
115,Brasil,,,76,,,,2020-06-19,25,210147125.0,1032913,54771,48954,1206,507200.0,476759.0,
116,Brasil,,,76,,,,2020-06-20,25,210147125.0,1067579,34666,49976,1022,520734.0,496869.0,
117,Brasil,,,76,,,,2020-06-21,26,210147125.0,1085038,17459,50617,641,549386.0,485035.0,
118,Brasil,,,76,,,,2020-06-22,26,210147125.0,1106470,21432,51271,654,571649.0,483550.0,
119,Brasil,,,76,,,,2020-06-23,26,210147125.0,1145906,39436,52645,1374,613345.0,479916.0,
120,Brasil,,,76,,,,2020-06-24,26,210147125.0,1188631,42725,53830,1185,649908.0,484893.0,
121,Brasil,,,76,,,,2020-06-25,26,210147125.0,1228114,39483,54971,1141,673729.0,499414.0,
122,Brasil,,,76,,,,2020-06-26,26,210147125.0,1274974,46860,55961,990,697526.0,521487.0,
123,Brasil,,,76,,,,2020-06-27,26,210147125.0,1313667,38693,57070,1109,715905.0,540692.0,
124,Brasil,,,76,,,,2020-06-28,27,210147125.0,1344143,30476,57622,552,733848.0,552673.0,
125,Brasil,,,76,,,,2020-06-29,27,210147125.0,1368195,24052,58314,692,757462.0,552419.0,
126,Brasil,,,76,,,,2020-06-30,27,210147125.0,1402041,33846,59594,1280,790040.0,552407.0,
127,Brasil,,,76,,,,2020-07-01,27,210147125.0,1448753,46712,60632,1038,826866.0,561255.0,
128,Brasil,,,76,,,,2020-07-02,27,210147125.0,1496858,48105,61884,1252,852816.0,582158.0,
129,Brasil,,,76,,,,2020-07-03,27,210147125.0,1539081,42223,63174,1290,868372.0,607535.0,
130,Brasil,,,76,,,,2020-07-04,27,210147125.0,1577004,37923,64265,1091,876359.0,636380.0,
131,Brasil,,,76,,,,2020-07-05,28,210147125.0,1603055,26051,64867,602,906286.0,631902.0,
132,Brasil,,,76,,,,2020-07-06,28,210147125.0,1623284,20229,65487,620,927292.0,630505.0,
133,Brasil,,,76,,,,2020-07-07,28,210147125.0,1668589,45305,66741,1254,976977.0,624871.0,
134,Brasil,,,76,,,,2020-07-08,28,210147125.0,1713160,44571,67964,1223,1020901.0,624295.0,
135,Brasil,,,76,,,,2020-07-09,28,210147125.0,1755779,42619,69184,1220,1054043.0,632552.0,
136,Brasil,,,76,,,,2020-07-10,28,210147125.0,1800827,45048,70398,1214,1078763.0,651666.0,
137,Brasil,,,76,,,,2020-07-11,28,210147125.0,1839850,39023,71469,1071,1100873.0,667508.0,
138,Brasil,,,76,,,,2020-07-12,29,210147125.0,1864681,24831,72100,631,1123204.0,669377.0,
139,Brasil,,,76,,,,2020-07-13,29,210147125.0,1884967,20286,72833,733,1154837.0,657297.0,
140,Brasil,,,76,,,,2020-07-14,29,210147125.0,1926824,41857,74133,1300,1209208.0,643483.0,
141,Brasil,,,76,,,,2020-07-15,29,210147125.0,1966748,39924,75366,1233,1255564.0,635818.0,
142,Brasil,,,76,,,,2020-07-16,29,210147125.0,2012151,45403,76688,1322,1296328.0,639135.0,
143,Brasil,,,76,,,,2020-07-17,29,210147125.0,2046328,34177,77851,1163,1321036.0,647441.0,
144,Brasil,,,76,,,,2020-07-18,29,210147125.0,2074860,28532,78772,921,1342362.0,653726.0,
145,Brasil,,,76,,,,2020-07-19,30,210147125.0,2098389,23529,79488,716,1371229.0,647672.0,
146,Brasil,,,76,,,,2020-07-20,30,210147125.0,2118646,20257,80120,632,1409202.0,629324.0,
147,Brasil,,,76,,,,2020-07-21,30,210147125.0,2159654,41008,81487,1367,1465970.0,612197.0,
148,Brasil,,,76,,,,2020-07-22,30,210147125.0,2227514,67860,82771,1284,1532138.0,612605.0,
149,Brasil,,,76,,,,2020-07-23,30,210147125.0,2287475,59961,84082,1311,1570237.0,633156.0,
150,Brasil,,,76,,,,2020-07-24,30,210147125.0,2343366,55891,85238,1156,1592281.0,665847.0,
151,Brasil,,,76,,,,2020-07-25,30,210147125.0,2394513,51147,86449,1211,1617480.0,690584.0,
152,Brasil,,,76,,,,2020-07-26,31,210147125.0,2419091,24578,87004,555,1634274.0,697813.0,
153,Brasil,,,76,,,,2020-07-27,31,210147125.0,2442375,23284,87618,614,1667667.0,687090.0,
154,Brasil,,,76,,,,2020-07-28,31,210147125.0,2483191,40816,88539,921,1721560.0,673092.0,
155,Brasil,,,76,,,,2020-07-29,31,210147125.0,2552265,69074,90134,1595,1786753.0,675378.0,
156,Brasil,,,76,,,,2020-07-30,31,210147125.0,2610102,57837,91263,1129,1824095.0,694744.0,
157,Brasil,,,76,,,,2020-07-31,31,210147125.0,2662485,52383,92475,1212,1844051.0,725959.0,
158,Brasil,,,76,,,,2020-08-01,31,210147125.0,2707877,45392,93563,1088,1865729.0,748585.0,
159,Brasil,,,76,,,,2020-08-02,32,210147125.0,2733677,25800,94104,541,1883677.0,755896.0,
160,Brasil,,,76,,,,2020-08-03,32,210147125.0,2750318,16641,94665,561,1912319.0,743334.0,
161,Brasil,,,76,,,,2020-08-04,32,210147125.0,2801921,51603,95819,1154,1970767.0,735335.0,
162,Brasil,,,76,,,,2020-08-05,32,210147125.0,2857597,55676,97240,1421,2020637.0,741180.0,
163,Brasil,,,76,,,,2020-08-06,32,210147125.0,2912212,54615,98493,1253,2080916.0,781954.0,
164,Brasil,,,76,,,,2020-08-07,32,210147125.0,2962442,50230,99572,1079,2068394.0,794476.0,
165,Brasil,,,76,,,,2020-08-08,32,210147125.0,3012412,49970,100477,905,2094293.0,817642.0,
166,Brasil,,,76,,,,2020-08-09,33,210147125.0,3035422,23010,101049,572,2118460.0,815913.0,
167,Brasil,,,76,,,,2020-08-10,33,210147125.0,3057470,22048,101752,703,2163812.0,791906.0,
168,Brasil,,,76,,,,2020-08-11,33,210147125.0,3109630,52160,103026,1274,2243124.0,763480.0,
169,Brasil,,,76,,,,2020-08-12,33,210147125.0,3164785,55155,104201,1175,2309477.0,751107.0,
170,Brasil,,,76,,,,2020-08-13,33,210147125.0,3224876,60091,105463,1262,2356640.0,762773.0,
171,Brasil,,,76,,,,2020-08-14,33,210147125.0,3275520,50644,106523,1060,2384302.0,784695.0,
172,Brasil,,,76,,,,2020-08-15,33,210147125.0,3317096,41576,107232,709,2404272.0,805592.0,
173,Brasil,,,76,,,,2020-08-16,34,210147125.0,3340197,23101,107852,620,2432456.0,799889.0,
174,Brasil,,,76,,,,2020-08-17,34,210147125.0,3359570,19373,108536,684,2478494.0,772540.0,
175,Brasil,,,76,,,,2020-08-18,34,210147125.0,3407354,47784,109888,1352,2554179.0,743287.0,
176,Brasil,,,76,,,,2020-08-19,34,210147125.0,3456652,49298,111100,1212,2615254.0,730298.0,
177,Brasil,,,76,,,,2020-08-20,34,210147125.0,3501975,45323,112304,1204,2653407.0,736264.0,
178,Brasil,,,76,,,,2020-08-21,34,210147125.0,3532330,30355,113358,1054,2670755.0,748217.0,
179,Brasil,,,76,,,,2020-08-22,34,210147125.0,3582362,50032,114250,892,2709638.0,758474.0,
180,Brasil,,,76,,,,2020-08-23,35,210147125.0,3605783,23421,114744,494,2739035.0,752004.0,
181,Brasil,,,76,,,,2020-08-24,35,210147125.0,3622861,17078,115309,565,2778709.0,728843.0,
182,Brasil,,,76,,,,2020-08-25,35,210147125.0,3669995,47134,116580,1271,2848395.0,705020.0,
183,Brasil,,,76,,,,2020-08-26,35,210147125.0,3717156,47161,117665,1085,2908848.0,690642.0,
184,Brasil,,,76,,,,2020-08-27,35,210147125.0,3761391,44235,118649,984,2947250.0,695492.0,
185,Brasil,,,76,,,,2020-08-28,35,210147125.0,3804803,43412,119504,855,2976796.0,708503.0,
186,Brasil,,,76,,,,2020-08-29,35,210147125.0,3846153,41350,120462,958,3006679.0,719012.0,
187,Brasil,,,76,,,,2020-08-30,36,210147125.0,3862311,16158,120828,366,3031626.0,709857.0,
188,Brasil,,,76,,,,2020-08-31,36,210147125.0,3908272,45961,121381,553,3097734.0,689157.0,
189,Brasil,,,76,,,,2020-09-01,36,210147125.0,3950931,42659,122596,1215,3159096.0,669239.0,
190,Brasil,,,76,,,,2020-09-02,36,210147125.0,3997865,46934,123780,1184,3210405.0,663680.0,
191,Brasil,,,76,,,,2020-09-03,36,210147125.0,4041638,43773,124614,834,3247610.0,669414.0,
192,Brasil,,,76,,,,2020-09-04,36,210147125.0,4092832,51194,125521,907,3278918.0,688393.0,
193,Brasil,,,76,,,,2020-09-05,36,210147125.0,4123000,30168,126203,682,3296702.0,700095.0,
194,Brasil,,,76,,,,2020-09-06,37,210147125.0,4137521,14521,126650,447,3317227.0,693644.0,
195,Brasil,,,76,,,,2020-09-07,37,210147125.0,4147794,10273,126960,310,3355564.0,665270.0,
196,Brasil,,,76,,,,2020-09-08,37,210147125.0,4162073,14279,127464,504,3397234.0,637375.0,
197,Brasil,,,76,,,,2020-09-09,37,210147125.0,4197889,35816,128539,1075,3453336.0,616014.0,
198,Brasil,,,76,,,,2020-09-10,37,210147125.0,4238446,40557,129522,983,3497337.0,611587.0,
199,Brasil,,,76,,,,2020-09-11,37,210147125.0,4282164,43718,130396,874,3530655.0,621113.0,
200,Brasil,,,76,,,,2020-09-12,37,210147125.0,4315687,33523,131210,814,3553421.0,631056.0,
201,Brasil,,,76,,,,2020-09-13,38,210147125.0,4330455,14768,131625,415,3573958.0,624872.0,
202,Brasil,,,76,,,,2020-09-14,38,210147125.0,4345610,15155,132006,381,3613184.0,600420.0,
203,Brasil,,,76,,,,2020-09-15,38,210147125.0,4382263,36653,133119,1113,3671128.0,578016.0,
204,Brasil,,,76,,,,2020-09-16,38,210147125.0,4419083,36820,134106,987,3720312.0,564665.0,
205,Brasil,,,76,,,,2020-09-17,38,210147125.0,4455386,36303,134935,829,3753082.0,567369.0,
206,Brasil,,,76,,,,2020-09-18,38,210147125.0,4495183,39797,135793,858,3789139.0,570251.0,
207,Brasil,,,76,,,,2020-09-19,38,210147125.0,4528240,33057,136532,739,3820095.0,571613.0,
208,Brasil,,,76,,,,2020-09-20,39,210147125.0,4544629,16389,136895,363,3851227.0,556507.0,
209,Brasil,,,76,,,,2020-09-21,39,210147125.0,4558068,13439,137272,377,3887199.0,533597.0,
210,Brasil,,,76,,,,2020-09-22,39,210147125.0,4591604,33536,138108,836,3945627.0,507869.0,
211,Brasil,,,76,,,,2020-09-23,39,210147125.0,4624885,33281,138977,869,3992886.0,493022.0,
212,Brasil,,,76,,,,2020-09-24,39,210147125.0,4657702,32817,139808,831,4023789.0,494105.0,
213,Brasil,,,76,,,,2020-09-25,39,210147125.0,4689613,31911,140537,729,4040949.0,508127.0,
214,Brasil,,,76,,,,2020-09-26,39,210147125.0,4717991,28378,141406,869,4050837.0,525748.0,
215,Brasil,,,76,,,,2020-09-27,40,210147125.0,4732309,14318,141741,335,4060088.0,530480.0,
216,Brasil,,,76,,,,2020-09-28,40,210147125.0,4745464,13155,142058,317,4084182.0,519224.0,
217,Brasil,,,76,,,,2020-09-29,40,210147125.0,4777522,32058,142921,863,4135088.0,499513.0,
218,Brasil,,,76,,,,2020-09-30,40,210147125.0,4810935,33413,143952,1031,4180376.0,486607.0,
219,Brasil,,,76,,,,2020-10-01,40,210147125.0,4847092,36157,144680,728,4212772.0,489640.0,
220,Brasil,,,76,,,,2020-10-02,40,210147125.0,4880523,33431,145388,708,4232593.0,502542.0,
221,Brasil,,,76,,,,2020-10-03,40,210147125.0,4906833,26310,145987,599,4248574.0,512272.0,
222,Brasil,,,76,,,,2020-10-04,41,210147125.0,4915289,8456,146352,365,4263208.0,505729.0,
223,Brasil,,,76,,,,2020-10-05,41,210147125.0,4927235,11946,146675,323,4295302.0,485258.0,
224,Brasil,,,76,,,,2020-10-06,41,210147125.0,4969141,41906,147494,819,4352871.0,468776.0,
225,Brasil,,,76,,,,2020-10-07,41,210147125.0,5000694,31553,148228,734,4391424.0,461042.0,
226,Brasil,,,76,,,,2020-10-08,41,210147125.0,5028444,27750,148957,729,4414564.0,464923.0,
227,Brasil,,,76,,,,2020-10-09,41,210147125.0,5055888,27444,149639,682,4433595.0,472654.0,
228,Brasil,,,76,,,,2020-10-10,41,210147125.0,5082637,26749,150198,559,4453722.0,478717.0,
229,Brasil,,,76,,,,2020-10-11,42,210147125.0,5094979,12342,150488,290,4470163.0,474328.0,
230,Brasil,,,76,,,,2020-10-12,42,210147125.0,5103408,8429,150689,201,4495269.0,457450.0,
231,Brasil,,,76,,,,2020-10-13,42,210147125.0,5113628,10220,150998,309,4526975.0,435655.0,
232,Brasil,,,76,,,,2020-10-14,42,210147125.0,5140863,27235,151747,749,4568813.0,420303.0,
233,Brasil,,,76,,,,2020-10-15,42,210147125.0,5169386,28523,152460,713,4599446.0,417480.0,
234,Brasil,,,76,,,,2020-10-16,42,210147125.0,5200300,30914,153214,754,4619560.0,427526.0,
235,Brasil,,,76,,,,2020-10-17,42,210147125.0,5224362,24062,153675,461,4635315.0,435372.0,
236,Brasil,,,76,,,,2020-10-18,43,210147125.0,5235344,10982,153905,230,4650030.0,431409.0,
237,Brasil,,,76,,,,2020-10-19,43,210147125.0,5250727,15383,154176,271,4681659.0,414892.0,
238,Brasil,,,76,,,,2020-10-20,43,210147125.0,5273954,23227,154837,661,4721593.0,397524.0,
239,Brasil,,,76,,,,2020-10-21,43,210147125.0,5298772,24818,155403,566,4756489.0,386880.0,
240,Brasil,,,76,,,,2020-10-22,43,210147125.0,5323630,24858,155900,497,4779295.0,388435.0,
241,Brasil,,,76,,,,2020-10-23,43,210147125.0,5353656,30026,156471,571,4797872.0,399313.0,
242,Brasil,,,76,,,,2020-10-24,43,210147125.0,5380635,26979,156903,432,4817898.0,405834.0,
243,Brasil,,,76,,,,2020-10-25,44,210147125.0,5394128,13493,157134,231,4835915.0,401079.0,
244,Brasil,,,76,,,,2020-10-26,44,210147125.0,5409854,15726,157397,263,4865930.0,386527.0,
245,Brasil,,,76,,,,2020-10-27,44,210147125.0,5439641,29787,157946,549,4904046.0,377649.0,
246,Brasil,,,76,,,,2020-10-28,44,210147125.0,5468270,28629,158456,510,4934548.0,375266.0,
247,Brasil,,,76,,,,2020-10-29,44,210147125.0,5494376,26106,158969,513,4954159.0,381248.0,
248,Brasil,,,76,,,,2020-10-30,44,210147125.0,5516658,22282,159477,508,4966264.0,390917.0,
249,Brasil,,,76,,,,2020-10-31,44,210147125.0,5535605,18947,159884,407,4972898.0,402823.0,
250,Brasil,,,76,,,,2020-11-01,45,210147125.0,5545705,10100,160074,190,4980942.0,404689.0,
251,Brasil,,,76,,,,2020-11-02,45,210147125.0,5554206,8501,160253,179,4998408.0,395545.0,
252,Brasil,,,76,,,,2020-11-03,45,210147125.0,5566049,11843,160496,243,5028216.0,377337.0,
253,Brasil,,,76,,,,2020-11-04,45,210147125.0,5590025,23976,161106,610,5064344.0,364575.0,
254,Brasil,,,76,,,,2020-11-05,45,210147125.0,5612319,22294,161736,630,5088635.0,361948.0,
255,Brasil,,,76,,,,2020-11-06,45,210147125.0,5633747,21428,162038,302,5104195.0,367514.0,
256,Brasil,,,76,,,,2020-11-07,45,210147125.0,5653561,19814,162269,231,5119132.0,372160.0,
257,Brasil,,,76,,,,2020-11-08,46,210147125.0,5664115,10554,162397,128,5133155.0,368563.0,
258,Brasil,,,76,,,,2020-11-09,46,210147125.0,5675032,10917,162628,231,5154005.0,358399.0,
259,Brasil,,,76,,,,2020-11-10,46,210147125.0,5700044,25012,162829,201,5189529.0,347686.0,
260,Brasil,,,76,,,,2020-11-11,46,210147125.0,5748375,48331,163373,544,5236345.0,348657.0,
261,Brasil,,,76,,,,2020-11-12,46,210147125.0,5781582,33207,164281,908,5256767.0,360534.0,
262,Brasil,,,76,,,,2020-11-13,46,210147125.0,5810652,29070,164737,456,5267567.0,378348.0,
263,Brasil,,,76,,,,2020-11-14,46,210147125.0,5848959,38307,165658,921,5291511.0,391790.0,
264,Brasil,,,76,,,,2020-11-15,47,210147125.0,5863093,14134,165798,140,5303114.0,394181.0,
265,Brasil,,,76,,,,2020-11-16,47,210147125.0,5876464,13371,166014,216,5322406.0,388044.0,
266,Brasil,,,76,,,,2020-11-17,47,210147125.0,5911758,35294,166699,685,5361592.0,383467.0,
267,Brasil,,,76,,,,2020-11-18,47,210147125.0,5945849,34091,167455,756,5389863.0,388531.0,
268,Brasil,,,76,,,,2020-11-19,47,210147125.0,5981767,35918,168061,606,5407498.0,406208.0,
269,Brasil,,,76,,,,2020-11-20,47,210147125.0,6020164,38397,168613,552,5422102.0,429449.0,
270,Brasil,,,76,,,,2020-11-21,47,210147125.0,6052786,32622,168989,376,5429158.0,454639.0,
271,Brasil,,,76,,,,2020-11-22,48,210147125.0,6071401,18615,169183,194,5432505.0,469713.0,
272,Brasil,,,76,,,,2020-11-23,48,210147125.0,6087608,16207,169485,302,5445095.0,473028.0,
273,Brasil,,,76,,,,2020-11-24,48,210147125.0,6118708,31100,170115,630,5476018.0,472575.0,
274,Brasil,,,76,,,,2020-11-25,48,210147125.0,6166606,47898,170769,654,5512847.0,482990.0,
275,Brasil,,,76,,,,2020-11-26,48,210147125.0,6204220,37614,171460,691,5528599.0,504161.0,
276,Brasil,,,76,,,,2020-11-27,48,210147125.0,6238350,34130,171974,514,5536524.0,529852.0,
277,Brasil,,,76,,,,2020-11-28,48,210147125.0,6290272,51922,172561,587,5562539.0,555172.0,
278,Brasil,,,76,,,,2020-11-29,49,210147125.0,6314740,24468,172833,272,5578118.0,563789.0,
279,Brasil,,,76,,,,2020-11-30,49,210147125.0,6335878,21138,173120,287,5601804.0,560954.0,
280,Brasil,,,76,,,,2020-12-01,49,210147125.0,6386787,50909,173817,697,5656498.0,556472.0,
281,Brasil,,,76,,,,2020-12-02,49,210147125.0,6436650,49863,174515,698,5698353.0,563782.0,
282,Brasil,,,76,,,,2020-12-03,49,210147125.0,6487084,50434,175270,755,5725010.0,586804.0,
283,Brasil,,,76,,,,2020-12-04,49,210147125.0,6533968,46884,175964,694,5744369.0,613635.0,
284,Brasil,,,76,,,,2020-12-05,49,210147125.0,6577177,43209,176628,664,5761363.0,639186.0,
285,Brasil,,,76,,,,2020-12-06,50,210147125.0,6603540,26363,176941,313,5776182.0,650417.0,
286,Brasil,,,76,,,,2020-12-07,50,210147125.0,6623911,20371,177317,376,5801067.0,645527.0,
287,Brasil,,,76,,,,2020-12-08,50,210147125.0,6674999,51088,178159,842,5854709.0,642131.0,
288,Brasil,,,76,,,,2020-12-09,50,210147125.0,6728452,53453,178995,836,5901511.0,647946.0,
289,Brasil,,,76,,,,2020-12-10,50,210147125.0,6781799,53347,179765,770,5931777.0,670257.0,
290,Brasil,,,76,,,,2020-12-11,50,210147125.0,6836227,54428,180437,672,5954745.0,701045.0,
291,Brasil,,,76,,,,2020-12-12,50,210147125.0,6880127,43900,181123,686,5969706.0,729298.0,
292,Brasil,,,76,,,,2020-12-13,51,210147125.0,6901952,21825,181402,279,5982953.0,737597.0,
293,Brasil,,,76,,,,2020-12-14,51,210147125.0,6927145,25193,181835,433,6016085.0,729225.0,
294,Brasil,,,76,,,,2020-12-15,51,210147125.0,6970034,42889,182799,964,6067862.0,719373.0,
295,Brasil,,,76,,,,2020-12-16,51,210147125.0,7040608,70574,183735,936,6132683.0,724190.0,
296,Brasil,,,76,,,,2020-12-17,51,210147125.0,7110434,69826,184827,1092,6177702.0,747905.0,
297,Brasil,,,76,,,,2020-12-18,51,210147125.0,7162978,52544,185650,823,6198185.0,779143.0,
298,Brasil,,,76,,,,2020-12-19,51,210147125.0,7213155,50177,186356,706,6222764.0,804035.0,
299,Brasil,,,76,,,,2020-12-20,52,210147125.0,7238600,25445,186764,408,6245801.0,806035.0,
300,Brasil,,,76,,,,2020-12-21,52,210147125.0,7263619,25019,187291,527,6286980.0,789348.0,
301,Brasil,,,76,,,,2020-12-22,52,210147125.0,7318821,55202,188259,968,6354972.0,775590.0,
302,Brasil,,,76,,,,2020-12-23,52,210147125.0,7365517,46696,189220,961,6405356.0,770941.0,
303,Brasil,,,76,,,,2020-12-24,52,210147125.0,7425593,60076,190006,786,6448740.0,785223.0,
304,Brasil,,,76,,,,2020-12-24,52,210147125.0,7425593,0,190006,0,6449822.0,785765.0,
305,Brasil,,,76,,,,2020-12-25,52,210147125.0,7448560,22967,190488,482,6459335.0,798737.0,
306,Brasil,,,76,,,,2020-12-26,52,210147125.0,7465806,17246,190795,307,6475466.0,799545.0,
307,Brasil,,,76,,,,2020-12-27,53,210147125.0,7484285,18479,191139,344,6515370.0,777776.0,
308,Brasil,,,76,,,,2020-12-28,53,210147125.0,7504833,20548,191570,431,6568898.0,744365.0,
309,Brasil,,,76,,,,2020-12-29,53,210147125.0,7563551,58718,192681,1111,6647538.0,723332.0,
310,Brasil,,,76,,,,2020-12-30,53,210147125.0,7619200,55649,193875,1194,6707781.0,717544.0,
311,Brasil,,,76,,,,2020-12-31,53,210147125.0,7675973,56773,194949,1074,6747065.0,733959.0,
312,Brasil,,,76,,,,2021-01-01,53,210147125.0,7700578,24605,195411,462,6756284.0,748883.0,
313,Brasil,,,76,,,,2021-01-02,53,210147125.0,7716405,15827,195725,314,6769420.0,751260.0,
314,Brasil,,,76,,,,2021-01-03,1,210147125.0,7733746,17341,196018,293,6813008.0,724720.0,
315,Brasil,,,76,,,,2021-01-04,1,210147125.0,7753752,20006,196561,543,6875230.0,681961.0,
316,Brasil,,,76,,,,2021-01-05,1,210147125.0,7810400,56648,197732,1171,6963407.0,649261.0,
317,Brasil,,,76,,,,2021-01-06,1,210147125.0,7873830,63430,198974,1242,7036530.0,638326.0,
318,Brasil,,,76,,,,2021-01-07,1,210147125.0,7961673,87843,200498,1524,7096931.0,664244.0,
319,Brasil,,,76,,,,2021-01-08,1,210147125.0,8013708,52035,201460,962,7114474.0,697774.0,
320,Brasil,,,76,,,,2021-01-09,1,210147125.0,8075998,62290,202631,1171,7144011.0,729356.0,
321,Brasil,,,76,,,,2021-01-10,2,210147125.0,8105790,29792,203100,469,7167651.0,735039.0,
322,Brasil,,,76,,,,2021-01-11,2,210147125.0,8131612,25822,203580,480,7207483.0,720549.0,
323,Brasil,,,76,,,,2021-01-12,2,210147125.0,8195637,64025,204690,1110,7273707.0,717240.0,
324,Brasil,,,76,,,,2021-01-13,2,210147125.0,8256536,60899,205964,1274,7277195.0,713752.0,
325,Brasil,,,76,,,,2021-01-13,2,210147125.0,8256536,0,205964,0,7316944.0,733628.0,
326,Brasil,,,76,,,,2021-01-14,2,210147125.0,8324294,67758,207095,1131,7339703.0,777496.0,
327,Brasil,,,76,,,,2021-01-15,2,210147125.0,8393492,69198,208246,1151,7361379.0,823867.0,
328,Brasil,,,76,,,,2021-01-16,2,210147125.0,8455059,61567,209296,1050,7388784.0,856979.0,
329,Brasil,,,76,,,,2021-01-17,3,210147125.0,8488099,33040,209847,551,7411654.0,866598.0,
330,Brasil,,,76,,,,2021-01-18,3,210147125.0,8511770,23671,210299,452,7452047.0,849424.0,
331,Brasil,,,76,,,,2021-01-19,3,210147125.0,8573864,62094,211491,1192,7518846.0,843527.0,
332,Brasil,,,76,,,,2021-01-20,3,210147125.0,8638249,64385,212831,1340,7564622.0,860796.0,
333,Brasil,,,76,,,,2021-01-21,3,210147125.0,8697368,59119,214147,1316,7580741.0,902480.0,
334,Brasil,,,76,,,,2021-01-22,3,210147125.0,8753920,56552,215243,1096,7594771.0,943906.0,
335,Brasil,,,76,,,,2021-01-23,3,210147125.0,8816254,62334,216445,1202,7628438.0,971371.0,
336,Brasil,,,76,,,,2021-01-24,4,210147125.0,8844577,28323,217037,592,7653770.0,973770.0,
337,Brasil,,,76,,,,2021-01-25,4,210147125.0,8871393,26816,217664,627,7709602.0,944127.0,
338,Brasil,,,76,,,,2021-01-26,4,210147125.0,8933356,61963,218878,1214,7798655.0,915823.0,
339,Brasil,,,76,,,,2021-01-27,4,210147125.0,8996876,63520,220161,1283,7877337.0,899378.0,
340,Brasil,,,76,,,,2021-01-28,4,210147125.0,9058687,61811,221547,1386,7923794.0,913346.0,
341,Brasil,,,76,,,,2021-01-29,4,210147125.0,9118513,59826,222666,1119,7960643.0,935204.0,
342,Brasil,,,76,,,,2021-01-30,4,210147125.0,9176975,58462,223945,1279,7998246.0,954784.0,
343,Brasil,,,76,,,,2021-01-31,5,210147125.0,9204731,27756,224504,559,8027042.0,953185.0,
344,Brasil,,,76,,,,2021-02-01,5,210147125.0,9229322,24591,225099,595,8077967.0,926256.0,
345,Brasil,,,76,,,,2021-02-02,5,210147125.0,9283418,54096,226309,1210,8160929.0,896180.0,
346,Brasil,,,76,,,,2021-02-03,5,210147125.0,9339420,56002,227563,1254,8236864.0,874993.0,
347,Brasil,,,76,,,,2021-02-04,5,210147125.0,9396293,56873,228795,1232,8291763.0,875735.0,
348,Brasil,,,76,,,,2021-02-05,5,210147125.0,9447165,50872,230034,1239,8326798.0,890333.0,
349,Brasil,,,76,,,,2021-02-06,5,210147125.0,9497795,50630,231012,978,8363677.0,903106.0,
350,Brasil,,,76,,,,2021-02-07,6,210147125.0,9524640,26845,231534,522,8397187.0,895919.0,
351,Brasil,,,76,,,,2021-02-08,6,210147125.0,9548079,23439,232170,636,8447645.0,868264.0,
352,Brasil,,,76,,,,2021-02-09,6,210147125.0,9599565,51486,233520,1350,8523462.0,842583.0,
353,Brasil,,,76,,,,2021-02-10,6,210147125.0,9659167,59602,234850,1330,8596130.0,828187.0,
354,Brasil,,,76,,,,2021-02-11,6,210147125.0,9713909,54742,236201,1351,8643693.0,834015.0,
355,Brasil,,,76,,,,2021-02-12,6,210147125.0,9765455,51546,237489,1288,8678327.0,849639.0,
356,Brasil,,,76,,,,2021-02-13,6,210147125.0,9809754,44299,238532,1043,8710840.0,860382.0,
357,Brasil,,,76,,,,2021-02-14,7,210147125.0,9834513,24759,239245,713,8745424.0,849844.0,
358,Brasil,,,76,,,,2021-02-15,7,210147125.0,9866710,32197,239773,528,8805239.0,821698.0,
359,Brasil,,,76,,,,2021-02-16,7,210147125.0,9921981,55271,240940,1167,8883191.0,797850.0,
360,Brasil,,,76,,,,2021-02-17,7,210147125.0,9978747,56766,242090,1150,8950450.0,786207.0,
361,Brasil,,,76,,,,2021-02-18,7,210147125.0,10030626,51879,243457,1367,8995246.0,791923.0,
362,Brasil,,,76,,,,2021-02-19,7,210147125.0,10081676,51050,244765,1308,9029159.0,807752.0,
363,Brasil,,,76,,,,2021-02-20,7,210147125.0,10139148,57472,245977,1212,9067939.0,825232.0,
364,Brasil,,,76,,,,2021-02-21,8,210147125.0,10168174,29026,246504,527,9095483.0,826187.0,
365,Brasil,,,76,,,,2021-02-22,8,210147125.0,10195160,26986,247143,639,9139215.0,808802.0,
366,Brasil,,,76,,,,2021-02-23,8,210147125.0,10257875,62715,248529,1386,9215164.0,794182.0,
367,Brasil,,,76,,,,2021-02-24,8,210147125.0,10324463,66588,249957,1428,9281018.0,793488.0,
368,Brasil,,,76,,,,2021-02-25,8,210147125.0,10390461,65998,251498,1541,9323696.0,815267.0,
369,Brasil,,,76,,,,2021-02-26,8,210147125.0,10455630,65169,252835,1337,,,
370,Brasil,,,76,,,,2021-02-27,8,210147125.0,10517232,61602,254221,1386,9386440.0,876571.0,
371,Brasil,,,76,,,,2021-02-28,9,210147125.0,10551259,34027,254942,721,9411033.0,885284.0,
372,Brasil,,,76,,,,2021-03-01,9,210147125.0,10587001,35742,255720,778,9457100.0,874181.0,
373,Brasil,,,76,,,,2021-03-02,9,210147125.0,10646926,59925,257361,1641,9527173.0,862392.0,
374,Brasil,,,76,,,,2021-03-03,9,210147125.0,10718630,71704,259271,1910,9591590.0,867769.0,
375,Brasil,,,76,,,,2021-03-04,9,210147125.0,10793732,75102,260970,1699,9637020.0,895742.0,
376,Brasil,,,76,,,,2021-03-05,9,210147125.0,10869227,75495,262770,1800,9671410.0,935047.0,
377,Brasil,,,76,,,,2021-03-06,9,210147125.0,10938836,69609,264325,1555,9704351.0,970160.0,
378,Brasil,,,76,,,,2021-03-07,10,210147125.0,11019344,80508,265411,1086,9757178.0,996755.0,
379,Brasil,,,76,,,,2021-03-08,10,210147125.0,11051665,32321,266398,987,9782320.0,1002947.0,
380,Brasil,,,76,,,,2021-03-09,10,210147125.0,11122429,70764,268370,1972,9843218.0,1010841.0,
381,Brasil,,,76,,,,2021-03-10,10,210147125.0,11202305,79876,270656,2286,9913739.0,1017910.0,
382,Brasil,,,76,,,,2021-03-11,10,210147125.0,11277717,75412,272889,2233,9958566.0,1046262.0,
383,Brasil,,,76,,,,2021-03-12,10,210147125.0,11363380,85663,275105,2216,10000980.0,1087295.0,
384,Brasil,,,76,,,,2021-03-13,10,210147125.0,11439558,76178,277102,1997,10036947.0,1125509.0,
385,Brasil,,,76,,,,2021-03-14,11,210147125.0,11483370,43812,278229,1127,10063808.0,1141333.0,
386,Brasil,,,76,,,,2021-03-15,11,210147125.0,11519609,36239,279286,1057,10111954.0,1128369.0,
387,Brasil,,,76,,,,2021-03-16,11,210147125.0,11603535,83926,282127,2841,10204541.0,1116867.0,
388,Brasil,,,76,,,,2021-03-17,11,210147125.0,11693838,90303,284775,2648,10287057.0,1122006.0,
389,Brasil,,,76,,,,2021-03-18,11,210147125.0,11780820,86982,287499,2724,10339432.0,1153889.0,
390,Brasil,,,76,,,,2021-03-19,11,210147125.0,11871390,90570,290314,2815,10383460.0,1197616.0,
391,Brasil,,,76,,,,2021-03-20,11,210147125.0,11950459,79069,292752,2438,10419393.0,1238314.0,
392,Brasil,,,76,,,,2021-03-21,12,210147125.0,11998233,47774,294042,1290,10449933.0,1254258.0,
393,Brasil,,,76,,,,2021-03-22,12,210147125.0,12047526,49293,295425,1383,10507995.0,1244106.0,
394,Brasil,,,76,,,,2021-03-23,12,210147125.0,12130019,82493,298676,3251,10601658.0,1229685.0,
395,Brasil,,,76,,,,2021-03-24,12,210147125.0,12220011,89992,300685,2009,10689646.0,1229680.0,
396,Brasil,,,76,,,,2021-03-25,12,210147125.0,12320169,100158,303462,2777,10772549.0,1244158.0,
397,Brasil,,,76,,,,2021-03-26,12,210147125.0,12404414,84245,307112,3650,10824095.0,1273207.0,
398,Brasil,,,76,,,,2021-03-27,12,210147125.0,12490362,85948,310550,3438,10879627.0,1300185.0,
399,Brasil,,,76,,,,2021-03-28,13,210147125.0,12534688,44326,312206,1656,10912941.0,1309541.0,
400,Brasil,,,76,,,,2021-03-29,13,210147125.0,12573615,38927,313866,1660,10969247.0,1290502.0,
401,Brasil,,,76,,,,2021-03-30,13,210147125.0,12658109,84494,317646,3780,11074483.0,1265980.0,
402,Brasil,,,76,,,,2021-03-31,13,210147125.0,12748747,90638,321515,3869,11169937.0,1257295.0,
403,Brasil,,,76,,,,2021-04-01,13,210147125.0,12839844,91097,325284,3769,11239099.0,1275461.0,
404,Brasil,,,76,,,,2021-04-02,13,210147125.0,12910082,70238,328206,2922,11276628.0,1305248.0,
405,Brasil,,,76,,,,2021-04-03,13,210147125.0,12953597,43515,330193,1987,11305746.0,1317658.0,
406,Brasil,,,76,,,,2021-04-04,14,210147125.0,12984956,31359,331433,1240,11357521.0,1296002.0,
407,Brasil,,,76,,,,2021-04-05,14,210147125.0,13013601,28645,332752,1319,11436189.0,1244660.0,
408,Brasil,,,76,,,,2021-04-06,14,210147125.0,13100580,86979,336947,4195,11558784.0,1204849.0,
409,Brasil,,,76,,,,2021-04-07,14,210147125.0,13193205,92625,340776,3829,11664158.0,1188271.0,
410,Brasil,,,76,,,,2021-04-08,14,210147125.0,13279857,86652,345025,4249,11732193.0,1202639.0,
411,Brasil,,,76,,,,2021-04-09,14,210147125.0,13373174,93317,348718,3693,11791885.0,1232571.0,
412,Brasil,,,76,,,,2021-04-10,14,210147125.0,13445006,71832,351334,2616,11838564.0,1255108.0,
413,Brasil,,,76,,,,2021-04-11,15,210147125.0,13482023,37017,353137,1803,11880803.0,1248083.0,
414,Brasil,,,76,,,,2021-04-12,15,210147125.0,13517808,35785,354617,1480,11957068.0,1206123.0,
415,Brasil,,,76,,,,2021-04-13,15,210147125.0,13599994,82186,358425,3808,12074798.0,1166771.0,
416,Brasil,,,76,,,,2021-04-14,15,210147125.0,13673507,73513,361884,3459,12170771.0,1140852.0,
417,Brasil,,,76,,,,2021-04-15,15,210147125.0,13746681,73174,365444,3560,12236295.0,1144942.0,
418,Brasil,,,76,,,,2021-04-16,15,210147125.0,13832455,85774,368749,3305,12298863.0,1164843.0,
419,Brasil,,,76,,,,2021-04-17,15,210147125.0,13900091,67636,371678,2929,12344861.0,1183552.0,
420,Brasil,,,76,,,,2021-04-18,16,210147125.0,13943071,42980,373335,1657,12391599.0,1178137.0,
421,Brasil,,,76,,,,2021-04-19,16,210147125.0,13973695,30624,374682,1347,12460712.0,1138301.0,
422,Brasil,,,76,,,,2021-04-20,16,210147125.0,14043076,69381,378003,3321,12561689.0,1103384.0,
423,Brasil,,,76,,,,2021-04-21,16,210147125.0,14122795,79719,381475,3472,12646132.0,1095188.0,
424,Brasil,,,76,,,,2021-04-22,16,210147125.0,14167973,45178,383502,2027,12673785.0,1110686.0,
425,Brasil,,,76,,,,2021-04-23,16,210147125.0,14237078,69105,386416,2914,12711103.0,1139559.0,
426,Brasil,,,76,,,,2021-04-24,16,210147125.0,14308215,71137,389492,3076,12766772.0,1151951.0,
427,Brasil,,,76,,,,2021-04-25,17,210147125.0,14340787,32572,390797,1305,12809169.0,1140821.0,
428,Brasil,,,76,,,,2021-04-26,17,210147125.0,14369423,28636,391936,1139,12879051.0,1098436.0,
429,Brasil,,,76,,,,2021-04-27,17,210147125.0,14441563,72140,395022,3086,12992442.0,1054099.0,
430,Brasil,,,76,,,,2021-04-28,17,210147125.0,14521289,79726,398185,3163,13091714.0,1031390.0,
431,Brasil,,,76,,,,2021-04-29,17,210147125.0,14590678,69389,401186,3001,13152118.0,1037374.0,
432,Brasil,,,76,,,,2021-04-30,17,210147125.0,14659011,68333,403781,2595,13194538.0,1060692.0,
433,Brasil,,,76,,,,2021-05-01,17,210147125.0,14725975,66964,406437,2656,13242665.0,1076873.0,
434,Brasil,,,76,,,,2021-05-02,18,210147125.0,14754910,28935,407639,1202,13278718.0,1068553.0,
435,Brasil,,,76,,,,2021-05-03,18,210147125.0,14779529,24619,408622,983,13336476.0,1034431.0,
436,Brasil,,,76,,,,2021-05-04,18,210147125.0,14856888,77359,411588,2966,13442996.0,1002304.0,
437,Brasil,,,76,,,,2021-05-05,18,210147125.0,14930183,73295,414399,2811,13529572.0,986212.0,
438,Brasil,,,76,,,,2021-05-06,18,210147125.0,15003563,73380,416949,2550,13591335.0,995279.0,
439,Brasil,,,76,,,,2021-05-07,18,210147125.0,15082449,78886,419114,2165,13640478.0,1022857.0,
440,Brasil,,,76,,,,2021-05-08,18,210147125.0,15145879,63430,421316,2202,13677668.0,1046895.0,
441,Brasil,,,76,,,,2021-05-09,19,210147125.0,15184790,38911,422340,1024,13714135.0,1048315.0,
442,Brasil,,,76,,,,2021-05-10,19,210147125.0,15209990,25200,423229,889,13759125.0,1027636.0,
443,Brasil,,,76,,,,2021-05-11,19,210147125.0,15282705,72715,425540,2311,13847191.0,1009974.0,
444,Brasil,,,76,,,,2021-05-12,19,210147125.0,15359397,76692,428034,2494,13924217.0,1007146.0,
445,Brasil,,,76,,,,2021-05-13,19,210147125.0,15433989,74592,430417,2383,13979329.0,1024243.0,
